{"cameraMode":{"drawMode":0,"name":"Shaded","section":"Shading Mode"},"sceneLighting":true,"audioPlay":false,"sceneViewState":{"m_AlwaysRefresh":false,"showFog":true,"showSkybox":true,"showFlares":true,"showImageEffects":true,"showParticleSystems":true,"showVisualEffectGraphs":true,"m_FxEnabled":true},"in2DMode":false,"pivot":{"x":19.269550323486329,"y":-0.6106728911399841,"z":-34.150367736816409},"rotation":{"x":-0.022667715325951577,"y":0.9715416431427002,"z":-0.20765645802021027,"w":-0.11647269129753113},"size":5.1720404624938969,"orthographic":false}